<?xml version="1.0" encoding="UTF-8" ?>
<extension type="package" version="3.1" method="upgrade">
    <name>Source Check Package</name>
    <copyright>Copyright (C) 2020 Green Line. All Rights Reserved.</copyright>
    <packagename>Source Check Package</packagename>
    <license>GNU General Public License version 3, or later.</license>
    <creationDate>May 2020</creationDate>
    <version>1.0.0</version>
    <url>http://www.f2y.org</url>
    <packager>Maciej Bednarski</packager>
    <packagerurl>http://www.f2y.org</packagerurl>
    <author>Maciej Bednarski</author>
    <authorEmail>maciek.bednarski@gmail.com</authorEmail>
    <authorUrl>http://www.f2y.org</authorUrl>
    <description>Source Check Installer Package.</description>

    <!--
    updateservers>
        <server type="extension" priority="1" name="Solidres Update Server">
            https://www.solidres.com/index.php?option=com_ars&amp;view=update&amp;task=stream&amp;format=xml&amp;id=1
        </server>
    </updateservers  -->

    <files>
        <file type="component" id="com_srccheck">com_srccheck.zip</file>
        <file type="plugin" id="srccheckverify" group="system">plg_system_srccheckverify.zip</file>
    </files>
</extension>