<?xml version="1.0" encoding="utf-8"?>
<extension type="component" version="3.0" method="upgrade">

	<name>COM_SRCCHECK</name>
	<creationDate>April 2020</creationDate>
	<author>Maciej Bednarski</author>
	<authorEmail>maciek.bednarski@gmail.com</authorEmail>
	<copyright>COM_COPYRIGHT</copyright>
	<license>COM_LICENSE</license>
	<version>1.0.1</version>
	<description>COM_SRCCHECK_DESCRIPTION</description>

	<scriptfile>script.php</scriptfile>

	<install>
		<sql>
			<file driver="mysql" charset="utf8">sql/install.mysql.utf8.sql</file>
		</sql>
	</install>
	<uninstall>
		<sql>
			<file driver="mysql" charset="utf8">sql/uninstall.mysql.utf8.sql</file>
		</sql>
	</uninstall>

        <update>
		<schemas>
			<schemapath type="mysql">sql/updates/mysql</schemapath>
		</schemas>
	</update>

	<administration>
            <menu link='index.php?option=com_srccheck'>COM_SRCCHECK_MENU</menu>
            <files folder="admin">
		<filename>index.html</filename>
                <filename>config.xml</filename>
		<filename>srccheck.php</filename>
                <filename>controller.php</filename>
                <filename>access.xml</filename>
		<folder>sql</folder>
                <folder>models</folder>
                <folder>views</folder>
                <folder>controllers</folder>
		<folder>helpers</folder>
		<folder>mb_lib</folder>
            </files>
            <languages folder="admin/language">
                <language tag="en-GB">en-GB/en-GB.com_srccheck.ini</language>
                <language tag="en-GB">en-GB/en-GB.com_srccheck.sys.ini</language>
                <language tag="pl-PL">pl-PL/pl-PL.com_srccheck.ini</language>
                <language tag="pl-PL">pl-PL/pl-PL.com_srccheck.sys.ini</language>
            </languages>
        </administration>
        	 <updateservers>
		<server type="extension" name="Source Check Updates">http://f2y.org/joomla/com_srccheck/updates/updates.xml</server>
	</updateservers>
</extension>